<?xml version='1.0' encoding='UTF-8'?>
<!DOCTYPE Plugin PUBLIC "sailpoint.dtd" "sailpoint.dtd">
<Plugin certificationLevel="None" displayName="Certification Approver Plugin" minSystemVersion="8.0" name="CertificationAllApprovers" version="2.0">
  <Attributes>
    <Map>
      <entry key="minUpgradableVersion" value="1.0" />
      <entry key="fullPage">
        <value>
          <FullPage title="Full page" />
        </value>
      </entry>
      <entry key="restResources">
        <value>
          <List>
          </List>
        </value>
      </entry>
      <entry key="serviceExecutors">
        <value>
          <List>
          </List>
        </value>
      </entry>
      <entry key="settings">
        <value>
          <List>
          </List>
        </value>
      </entry>
      <entry key="snippets">
        <value>
          <List>
            <Snippet regexPattern=".*certification.jsf">
              <Scripts>
                <String>ui/js/snippets/certification-approver.js</String>
              </Scripts>
            </Snippet>
          </List>
        </value>
      </entry>
    </Map>
  </Attributes>
</Plugin>




